index,url,Business_Name,Address,City,match,redirected_url
182001,https://state.nj.us,Dr Maria Campoalegre Md Pa,407 39Th St,Union City,No,https://www.nj.gov/
182002,https://century21gas.com,Nyce Shirt,310 Broad St Ste D,Harleysville,No,
182003,https://hpcblawnox.org,Hoboken Presbyterian Church,921 North Ave,Pittsburgh,No,
182004,https://carquest.com,A M. Auto Parts Ltd.,44 Main St,Souris,No,
182005,https://laharborsportfishing.com,La Waterfront Cruises,400 Oceangate Ste 1110,Long Beach,No,https://www.laharborsportfishing.com/
182006,https://aubergelafascine.com,Sincere Home Care,5911 Holmes Ct,Jackson,No,https://www.aubergelafascine.com/
182007,https://kemperhsc.com,Reliable Life Insurance,4200 South Fwy Ste 722,Fort Worth,No,
182008,https://ezecleanservices.ca,Sales Analytics Inc,2009 Ashburton Way,Mount Pleasant,No,
182009,https://alphaoneimaging.com,Subway,174 Township Blvd,Camillus,No,https://www.alphaoneimaging.com/
182010,https://bikramarlington.com,Supernova Yoga Inc,4019 5Th Rd N,Arlington,No,http://www.serious.yoga
182011,https://gilmarautogroup.com,Scotian Pens,37 Lancaster Dr,Halifax,No,
182012,https://hackensackumc.org,Alan M Tell Md,140 Prospect Ave,Hackensack,No,https://www.hackensackmeridianhealth.org/en/locations/hackensack-university-medical-center
182013,https://quickref.com,Referential System,503 Kingsley Rd Sw,Vienna,No,
182014,https://leblancwelding.ca,Pelo By Edgardo,16 Bailey Ave,Ridgefield,No,
182015,https://selectautopartsmilwaukee.com,Face Food,8 Market Sq,Newburyport,No,
182016,https://saintkatearts.com,South Florida Small Engine Mower Repair Inc,918 Ne 7Th Ter,Cape Coral,No,https://www.saintkatearts.com:443/
182017,https://thepointedancecentre.com,Spp Property Management Llc,6501 Peake Rd,Macon,No,https://www.thepointedancecentre.com/
182018,https://ccuen-rccue.ca,Canadian College And University Environmental Network,Suite 2 555 Hall Ave E,Renfrew,No,
182019,https://fdnyshop.com,Suicide Prevention Resource Centre,10014 99 St Suite 200,Grande Prairie,No,https://www.fdnyshop.com/
182020,https://knis.ca,Klondike Nugget & Ivory Shop Ltd,90090 Front St,Dawson,Yes,
182021,https://beautifullyorganized.ca,Sudha Chinta Dds Inc,4466 Black Ave Ste K,Pleasanton,No,https://themovinggenie.com/
182022,https://canvasback.org,Fireroad Holdings Inc,40437 Tantalus Rd Unit 9,Garibaldi Highlands,No,
182023,https://fambrorealtyservices.com,Aaa Property Management Group,15001 Kercheval Ave,Grosse Pointe,No,
182024,https://decaturcountybank.com,Beating Brain Cancer A Nj Nonprofit Corporation,111A Melrich Rd,Cranbury,No,https://www.decaturcountybank.com/
182025,https://cascadeanimalclinic.com,Shawn Leslie Buchholz Dvm,121 S Ferry Ave,Monroe,No,https://www.cascadeanimalclinic.com/
182026,https://thepipeplug.com,Taylor Made Plastic,1561 Global Ct Ste A,Sarasota,No,
182027,https://maint.com,Pelletier Marc (Singer) Enr,502B 4E Av,La Pocatiere,No,
182028,https://cckcorp.com,Cameron Coffey And Kaye Pc,1013 2Nd St,Novato,No,
182029,https://99only.com,The Skin Lab By Jessi Llc,8800 Harvest Oaks Dr Ste 100,Raleigh,No,
182030,https://dunnselectric.com,Everett Realty,2109 Dillingham Ave,Lansing,No,
182031,https://acooperlogistics.com,Hol Greenfield Ltd Co,10142 Antelope Way,Forney,No,
182032,https://jwright.com,9357-1370 Quebec Inc,4690 Boul Des Sources,Dollard-Des-Ormeaux,No,
182033,https://selectexp.com,Meras Water Solutions,4213 Technology Dr Ste A,Modesto,No,https://www.aitworldwide.com/services/ground-distribution/final-mile-delivery/?utm_source=redirect&utm_medium=website&utm_campaign=selectexpress
182034,https://montgomeryprint.com,Langevin Larsen Hamm & Cohen,5530 Wisconsin Ave Ste 1150,Chevy Chase,No,
182035,https://glasasoccer.org,Mark Ease Products Inc,132 S Aurora St,Stockton,No,
182036,https://orilliasoccer.com,Northwestern Mutual,102 E Green Bay St # 100,Shawano,No,
182037,https://villiardserresetjardins.com,2Am World Ltd.,5377 Huron Street,Niagara Falls,No,
182038,https://echelonpaysdenhaut.com,World Fresh Exports Inc,9459 Ledgestone Rd,Lake Country,No,
182039,https://hhipc.org,Hilton Head International Piano Competition,2 Park Ln,Hilton Head Island,No,
182040,https://edmtaxi.com,Chesterfield Trading Company,9521 Route 1,Richmond,No,
182041,https://anyoccasionbr.com,Ferme Pial Inc,163 4E Rang E,Saint-Joseph-De-Kamouraska,No,
182042,https://catiminiusa.com,Kidz Global Apparel Ltd,2263 41St Ave W,Vancouver,No,
182043,https://cimtech.ca,Dan River Insurance Services Inc,110 N 2Nd Ave,Mayodan,No,
182044,https://texasjustice.com,Dc Law Pllc,13180 N Cleveland Ave,North Fort Myers,No,https://teamjustice.com/
182045,https://brentoncommunities.com,Boone Estates,1901 1St St Trlr 14,Boone,No,https://www.brentoncommunities.com/
182046,https://mfproperty.com,Wcc 12,49 Rhonda Rd,Guelph,No,https://www.mfproperty.com/
182047,https://soulquestchurch.com,Wetzel And Washburn,17835 Forest Rd,Forest,No,https://www.soulquestchurch.com/
182048,https://coldstreamgolfcourse.com,500779 Bc Ltd,15 Dure Meadow Rd,Lumby,No,
182049,https://starimportsauto.com,Tri-Community Baptist Church,239 9 St,Beiseker,No,https://www.starimportsauto.com/
182050,https://cortrol.com,Frontier Plastic Fabricators,4518 W 56Th St,Tulsa,Yes,
182051,https://labcorp.com,Frederick W Silverman Md,7301 W Palmetto Park Rd Ste 101B,Boca Raton,No,https://www.labcorp.com/
182052,https://northernlifestyleforsale.com,Sunnydale Cottages,700 Dawson Point Rd,New Liskeard,No,https://www.northernlifestyleforsale.com
182053,https://bodgerlaw.com,Phildadelphia Phillies,1 Citizens Bank Way Ofc,Philadelphia,No,
182054,https://californiaquarryproducts.com,Realtime Solutions,12925 Prosperity Ave,Becker,No,
182055,https://hahnlaw.com,Christopher Blake,200 Public Sq Ste 2800,Cleveland,No,
182056,https://drumnaz.org,Innisfail Church Of The Nazarene,4904 48 St,Innisfail,No,https://www.drumnaz.org/
182057,https://humptys.com,The Honest Abe Cider House & Meadery,17812 S Main St,Gardena,No,
182058,https://aaaworktrucks.com,American Automotive Aftermarket,50 Dunham Rd,Billerica,Yes,
182059,https://redlion.com,Americas Best Value Inn,3802 Sw Topeka Blvd,Topeka,No,https://www.sonesta.com/
182060,https://kingstonflooringworld.ca,Webster Elementary School,5 Cone St,Hartford,No,
182061,https://mymovers.ca,Riglers Shooting & Fishing,1111 1St Ave,Rock Falls,No,
182062,https://nouveau.chac-chantal.com,Centre Hortico-Agricole De La Commune De Chantale Chac,8360 Boul Viau,Saint-Leonard,No,
182063,https://planetepoutine.com,9256-7932 Quebec Inc,1373 Rue Hart,Trois-Rivieres,No,
182064,https://nutudaminh.org,St Catherine Convent,5250 Gasmer Dr,Houston,No,
182065,https://tcbusinessnews.com,Maxbauers After Hours,542 W Front St,Traverse City,No,https://www.tcbusinessnews.com/
182066,https://rocksolidcompanies.ca,T-Rock Ct Services Ltd,4538 47 Ave,Vermilion,No,
182067,https://specializedbaits.com,Services Veterinaire Mobile Des Collines,41 Rue De Valcourt,Gatineau,No,
182068,https://amsecure.ca,Alarmes Mauriciennes Inc,1993 Av Champlain,Shawinigan,No,
182069,https://centrevisuel.ca,Caron  Dr Line,366 Boul Manseau,Joliette,No,
182070,https://themillerfoundation.com,Canada'S Walk Of Fame,1002-317 Adelaide St W,Toronto,No,https://www.themillerfoundation.com/
182071,https://ratemds.com,Tripp  Dr Robert J,1419 Carling Ave Suite 206,Ottawa,No,https://www.ratemds.com/
182072,https://eaglewestcranes.com,Rainbow Spa,202-502 Yonge St,Toronto,No,https://www.eaglewestcranes.com/
182073,https://eleganceinstone.ca,Maxwell Colony Ltd,10450 Assiniboine Rd,Cartier,No,
182074,https://bulldoglock.com,Jiffy Metal Products Inc,5025 W Lake St,Chicago,No,
182075,https://nazarene.org,Chaisson  Dale Auto Sales Incorporated,30 Trider Cres,Dartmouth,No,
182076,https://ipbgrx.com,Woodlyn Pharmacy,1301 Jefferson Ave,Woodlyn,No,
182077,https://westshoredance.com,Dt Moving,230 90 Ave Se Suite 303,Calgary,No,https://www.westshoredance.com/
182078,https://mhrhawaii.com,Mccabe Hamilton & Renny Company Ltd,521 Ala Moana Blvd Ste 311,Honolulu,No,
182079,https://v-venterprises.com,Trinity Three Irish Pub,125 E Juneau Ave,Milwaukee,No,
182080,https://a1lignesjaunes.com,9219-4463 Quebec Inc,8765 Boul Des Forges Bureau 6,Trois-Rivieres,No,https://www.a1lignesjaunes.com/
182081,https://qcbs.biz,Queen City Novelty Co,205 Gleason St,Cumberland,No,
182082,https://pulpithillsupply.com,Scheuring Speed Sports,401 N Erie St,Aurora,No,
182083,https://axletrees.com,Multi Meubles Dion Sj Inc,1 Rue Gauthier N,Notre-Dame-Des-Prairies,No,
182084,https://dyrdabros.com,American Legion John J Welch Post 381,923 Niagara Ave,Niagara Falls,No,https://www.dyrdabros.com/
182085,https://grandviewmedicalgroup.com,Margaret Miklic Md,3686 Grandview Pkwy Ste 320,Birmingham,No,https://www.grandviewmedicalgroup.com/
182086,https://nmrnj.com,Vince Sferra,399 Campus Dr Ste 110,Somerset,Yes,https://www.nmrnj.com/
182087,https://quebecentreprises.com,Aero Maintenance Laval Inc.,65 Rue Pare,Laval,No,http://www.quebecentreprises.com/
182088,https://rookiescookies.net,Big Bee Boats Ltd,1617 State Rd,Duncannon,No,
182089,https://nappaneeumc.com,Shine Beauty Supply,831 E Baltimore Ave,Lansdowne,No,
182090,https://zaaffran.ca,Roadway Engineering & Contracting,10247 Bellegrave Ave Ste 122,Mira Loma,No,
182091,https://exxonmobil.com,Funfar Center Garage,7907 Saltsburg Rd,Pittsburgh,No,https://corporate.exxonmobil.com
182092,https://goldenmoongallery.com,Background Hound Llc,4 Moores Branch Ct,Pikesville,No,https://www.goldenmoongallery.com/
182093,https://nyccode.com,William Dailey Building & Zoning Consultant,125 W 43Rd St Fl 2,New York,No,
182094,https://sigma-q.ca,Samis Grill  Lounge,418A 47Th St E,Saskatoon,No,
182095,https://llbsports.ca,Lac La Biche Sporting Goods Ltd,13337 101 Ave,Lac La Biche,No,
182096,https://gcsu.edu,Georgia College-Ina Dillard Russell Library,221 N Clark St,Milledgeville,No,https://www.gcsu.edu/
182097,https://j2law.com,Steven Ginns Pa,370 Camino Gardens Blvd Ste 300,Boca Raton,No,https://www.j2law.com/
182098,https://highwayusa.com,Classic Web,2911 Sailfish St Ne,Palm Bay,No,
182099,https://ntc-logistics.com,Kiddie Academy Of Hoboken,112 Sinatra Dr,Hoboken,No,https://www.ntc-logistics.com/
182100,https://shanesribshack.com,Plastech,3555 Haven Ave,Menlo Park,No,https://www.shanesribshack.com/
182101,https://bonanzacasino.com,Maconnerie Marcotte,Room 100 3304 Av Francis-Hughes,Laval,No,https://www.bonanzacasino.com/
182102,https://fbfs.com,Farm Bureau Financial Services,2620 Connery Way,Missoula,No,https://www.fbfs.com/
182103,https://sangrupo.com,Sn Prime Logistics Inc,9878 W Belleview Ave,Littleton,No,
182104,https://christchurchanglicangp.org,Anglican Church Of Canada,6610 Poplar Dr,Grande Prairie,No,https://www.christchurchanglicangp.org/
182105,https://holrmagazine.com,Tara Good,1707 Valley Brook Ln,Longview,No,
182106,https://restoenligne.com,9285-0353 Quebec Inc,3423 Rue Laval,Lac-Megantic,No,
182107,https://brainiacsla.com,Velarde Salon And Spa,54 N Bokelman St,Roselle,No,https://www.brainiacsla.com/
182108,https://sharcraftinc.com,Seal & Packing Supply,1103 33Rd St,Bakersfield,No,
182109,https://fosterinsulation.com,Holiday Shores Fire Protection District,93 Holiday Dam Rd,Edwardsville,No,
182110,https://eggdonoramerica.com,J & P Outfitters Inc,1238 Yeamans Hall Rd Ste 4,Hanahan,No,https://www.eggdonoramerica.com/
182111,https://furnitureworldsaskatoon.com,Galt Arena,98 Shade St,Cambridge,No,
182112,https://interlakeauto.ca,Gros Louis Silencieux,70 Rue Chef-Nicolas-Vincent,Wendake,No,
182113,https://well-shod.com,Opus Bar,350 Davie St,Vancouver,No,
182114,https://themagichome.com,Greenstein & Solotke,8001 Lincoln Ave Ste 301,Skokie,No,
182115,https://helmarparts.ca,Anvil Tax Inc,8563 Se 19Th Ave,Portland,No,http://www.helmarparts.ca/Default.asp
182116,https://stateandfed.com,Devon Central Pharmacy,102 Erie St S Unit 1,Devon,No,
182117,https://aspiralife.ca,Tellez Edwardo Md,16510 Bloomfield Ave,Cerritos,No,https://www.aspiralife.ca/
182118,https://mcleodhillassembly.com,Amerihealth Casualty Services,1700 Market St Fl 7,Philadelphia,No,
182119,https://peakcentremontreal.com,Roxys Cake Supplies And More Llc,697 Preston Ave,Deltona,No,https://www.peakcentremontreal.com/
182120,https://lamptonbaptistchurch.org,Pennys Flower Shop,306 Se 1St St,Mineral Wells,No,
182121,https://napapediatricdentistry.com,Angelina Ring Inc,935 Trancas St Ste 1A,Napa,No,
182122,https://champlainorchards.com,Ihl Sales Llc,1986 Sugar Valley Ln,Lawrenceville,No,
182123,https://allpointsecurity.net,National Legal Research Group,2421 Ivy Rd,Charlottesville,No,
182124,https://threewayelectrical.com,"Cataraqui Cemetery Company, The",927 Purdy Mills Rd,Kingston,No,
182125,https://joneswalker.com,Viau  Andre Menuisier & Ebeniste,376 Rue Jubinville,Laval,No,https://www.joneswalker.com/en/
182126,https://ctlake.wordpress.com,Crouchs Treasure Lake,2590 Lawrenceburg Ferry Rd,Petersburg,No,
182127,https://andersonexpress.com,Big Daddys Auto Sales,3444 Madison Ave,Indianapolis,No,
182128,https://europack.ca,Norwest Concrete,408 21St St Nw,Minot,No,https://www.europack.ca/
182129,https://burnabyvet.com,Richter Claudia,2210 Springer Ave,Burnaby,No,
182130,https://carrierfils.com,Westin Hotel (Food Ac  The,1181 Hollis St,Halifax,No,
182131,https://patrickdelage.ca,Vespa Albuquerque,1220 S Renaissance Blvd Ne Ste B,Albuquerque,No,
182132,https://westcreekautowash.com,Pharmasave,658 Second Line W,Sault Ste. Marie,No,https://www.westcreekautowash.com/
182133,https://onestopalarms.ca,Abdul Qadir Md,1177 N Highland Ave Ste 201,Aurora,No,https://www.onestopalarms.ca/
182134,https://toniquesport.com,Centre Entrainement Racine,306-80 Rue Racine Est,Chicoutimi,No,https://zappady.com/
182135,https://humanebroward.com,Spca,2070 Griffin Rd,Fort Lauderdale,No,
182136,https://mjlinsuranceagency.com,Filsol Co,976 N Main St,Orange,No,
182137,https://redwoodrootsfamily.com,County Of Black Hawk Sheriff'S Office,225 E 6Th St,Waterloo,No,https://www.redwoodrootsfamily.com/
182138,https://enviosglobalexpress.com,Dwayne'S Body Shop,116 Central St E,Lonsdale,No,
182139,https://vitalityhealthfoods.ca,Solo Printing Inc,7860 Nw 66Th St,Miami,No,
182140,https://johnawademdinc.com,Karah Cloxton Md,2414 Jefferson Ave,Point Pleasant,No,
182141,https://relayhealth.com,Suncoast Marine Ltd,2119 30Th Ave E,Vancouver,No,https://www.mckesson.com:443/about-mckesson/businesses/covermymeds/
182142,https://allforeclub.com,Pinelands Golf Course,887 Mays Landing Rd,Hammonton,No,https://www.allforeclub.com/
182143,https://3dmomandbaby.com,Kudos For Wood Furniture 2012,15907 100A Ave Nw,Edmonton,No,https://www.3dmomandbaby.com/
182144,https://akuparagames.com,Crows Eye Publishing Llc,533 Harding Ave,Kingsford,No,
182145,https://ccsengineers.com,Crawford & Crawford & Stewart,931 E Lakeshore Dr,Burnside,No,
182146,https://theclansman.com,893320 Ontario Ltd,16457 35 Hwy,Minden,No,
182147,https://custommediaservices.ca,M & M Heating & Air Conditioning Service Co,729 S Commerce St,Stockton,No,
182148,https://merchantsfabrication.com,Washington Union Alliance Church,2119 W Washington St,New Castle,No,https://www.merchantsfabrication.com/
182149,https://kramerusa.com,Cha Lua Ngoc Hung,6799 Wilson Blvd Unit 2,Falls Church,No,
182150,https://stores.savers.com,Value Village,4345 Strandherd Dr,Ottawa,No,
182151,https://indianstreetvet.com,Paradox Footwear,428 Elk Ave,Crested Butte,No,
182152,https://americansign.com,Wofford Truck Parts,9420 Gateway Blvd E,El Paso,No,https://www.deesignca.com/
182153,https://bvseamless.com,Brazos Valley Auto Restorations,3798 Mancuso Rd,Bryan,No,
182154,https://olehickorypits.com,King Green Industries,100 Columbia Mountain Dr Ste 2,Columbia Falls,No,
182155,https://chicagolandheatingandac.com,Us Bolt Manufacturing Inc,12895 Main St,Houston,No,https://www.chicagolandheatingandac.com/
182156,https://justinboots.ca,Henry'S Western Wear Ltd,4931 50 St,Rocky Mountain House,No,
182157,https://carstereohouston.com,Car Audio Zone,11177 Katy Fwy Ste J,Houston,Yes,
182158,https://awishmontreal.org,Langley Lions Society West Langley Hall,9400 208 St,Langley,No,
182159,https://sandcastlehotels.com,Greg Edgar School For Dogs Llc,716 Plains Rd,Wallkill,No,http://www.sandcastlehotels.com/
182160,https://lake.k12.fl.us,Eustis High Curtwright Campus,1801 Bates Ave,Eustis,No,https://www.lake.k12.fl.us/
182161,https://mlacanada.com,Subway,1340 E 71St St,Tulsa,No,
182162,https://thesoupkitchen.ca,9-10 Club Serving Soup To The Hungry,740 View St,Victoria,No,https://www.thesoupkitchen.ca/home/
182163,https://texaco.com,Badesha Bros Inc,3759 W Washington St,Indianapolis,No,
182164,https://newglaruspubliclibrary.org,Awakenings Wellness,10 Andrew St S,Orillia,No,
182165,https://santafemcallen.com,Kitzia Matte-Barker Acupuncture,152 Rue De Hatley,Magog,No,
182166,https://ffmp.ca,Fishman Flanz Meland Paquin S.E.N.C.R.L,1250 Boul Rene-Levesque O Bureau 4100,Montreal,No,
182167,https://ufcw1189.org,Duluth Labor Temple Associate,2002 London Rd,Duluth,No,
182168,https://smithers-bc.canada-advisor.com,Canyon Creek Taxidermy,15725 Babine Lake Rd,Smithers,No,
182169,https://allergynorthshore.com,Oren Eyal Md,140 Commonwealth Ave Ste 103,Danvers,No,
182170,https://reedbenoit.com,Christian Brothers Automotive,6612 Tattersall Ln,Birmingham,No,
182171,https://njrp.org,New Jersey Reformed Presbyterian Church,98 Monroe St,Garfield,No,
182172,https://highland.org,Thompson Auto Sales Inc,6410 Chapman Hwy,Knoxville,No,
182173,https://drgroussis.com,Aesclepion Health Care,140 W Boylston Dr,Worcester,No,https://www.drgroussis.com/
182174,https://cleaningmaidsimple.ca,Kick Boxing Karate,1700 Rue Dunant,Sherbrooke,No,https://www.cleaningmaidsimple.ca/
182175,https://escobarskanab.com,Wallace Storage Center,1099 E Grand River Rd Ste 4,Williamston,No,
182176,https://olympicgolfzone.com,Kc Fluid Power Inc,5225 Crest Dr,Kansas City,No,http://www.olympicgolfzone.com/
182177,https://onelawvalpo.com,Otterbacher Norris & Eldred,1158 Lincolnway Ste 1,Valparaiso,No,https://www.onelawvalpo.com
182178,https://urbansun.ca,2312004 Ontario Inc,895 Lawrence Ave E,North York,No,https://www.urbansun.ca/
182179,https://prrecordgazette.com,A & W,10122 100 St,Peace River,No,https://www.prrecordgazette.com/
182180,https://jellystonems.com,Yogi On The Lake,143 Campground Rd,Pelahatchie,Yes,https://www.jellystonems.com/
182181,https://bestgames.com,Fashion Run,5691 Belmont Ave,Cincinnati,No,https://www.bestgames.com/
182182,https://wtecheq.com,Wireless Technology Equipment Co,3382 Bartlett Blvd,Orlando,No,https://www.wtecheq.com/
182183,https://mywaynenews.com,Mutex Inc,50 Cragwood Rd Ste 224,South Plainfield,No,https://thewayneherald.com
182184,https://rentfresno.com,Rental Management Co,3995 N Fresno St Ste 108,Fresno,Yes,
182185,https://bookkeepingboise.com,Leung  Dr Kevin,4168 Finch Ave E Suite 339,Scarborough,No,
182186,https://biruralhealth.org,Wendy White Dds,37304 Kings Hwy,Beaver Island,No,https://www.biruralhealth.org/
182187,https://amazingmartialart.com,Warrior Code Taekwon-Do Academy,1337 Blossom Hill Rd,San Jose,Yes,https://itfwarriors.com/
182188,https://ebcbrakes.com,First Force,5591 Mcadam Rd,Mississauga,No,https://www.ebcbrakes.com/
182189,https://greatleaps.com,Diarmuid Inc,2630 Nw 41St St Ste D1,Gainesville,No,
182190,https://corneagen.com,Davis Machine Llc,1912 E 500 N,Saint Anthony,No,
182191,https://hsdinstitute.org,R & R Machine & Tool Inc,40827 Amberley Rd Rr 4,Wingham,No,https://www.hsdinstitute.org:443/index.html
182192,https://jumboburgers.foodpages.ca,Boutique Ladies Wear Inc  La,317 Main St N,Moose Jaw,No,
182193,https://srs-usa.com,Sanderling Dialysis Center,102 Crestview St,Holdenville,No,
182194,https://locations.theupsstore.com,Smith Creek Brewing Inc,3200-10180 101 St Nw,Edmonton,No,
182195,https://esso.ca,9190-9366 Quebec Inc,111 Boul Frontenac E,Thetford Mines,No,https://www.esso.ca/en-ca
182196,https://redlion.com,Canada'S Best Value Inn,10 Portland St,Saint John,No,https://www.sonesta.com/
182197,https://aspendental.com,Tirzah Brittlebank,410 E Altamonte Dr Ste 1040,Altamonte Springs,No,https://www.aspendental.com:443/
182198,https://coralgableschamber.org,A Bedtime Adventure,Suite 401 31 Princess St,Toronto,No,
182199,https://footassociatesny.com,David Tzvi Bar,60 E 56Th St Fl 3,New York,No,https://www.footassociatesny.com/
182200,https://sparklingcleancarwash.weebly.com,Computer Solutions Of Maine,89 Hideaway Ln,Bethel,No,
182201,https://westlosangelesperio.com,William W Lee Md,11645 Wilshire Blvd,Los Angeles,No,
182202,https://acwa.com,Toby Joe Llp,9594 New Laredo Hwy,San Antonio,No,https://www.acwa.com/
182203,https://eabtool.com,Boston Private Bank & Trust Company,16000 Ventura Blvd Ste 101,Encino,No,
182204,https://familyfriend.ca,Calico Jacks Saloon,8200 W Charleston Blvd,Las Vegas,No,https://www.familyfriend.ca/
182205,https://reseaucomptable.com,Ekitax Inc,27 Rue Jeanne-D'Arc,Salaberry-De-Valleyfield,No,
182206,https://gmqrock.com,Ad Environnement Inc.,345 Rue Vachon,Trois-Rivieres,No,
182207,https://jandggroup.ca,C & C Construction Co Ltd,2210 Park Ave,Brandon,No,https://www.jandggroup.ca/
182208,https://graceunited.ca,Christian Mennonite Conference,478 Henry St,Steinbach,No,https://www.graceunited.ca:443/
182209,https://hollyhillconstruction.com,Poor Boy Guns,1036 Henry Clay Smith Rd,Franklin,No,
182210,https://universaldc.com,Subway,4418 18Th Ave S,Fargo,No,https://www.universaldc.com/
182211,https://antonsvpatisserie.com,Church Of The Nazarene,406 N 1St St,Cimarron,No,https://www.antonsvpatisserie.com/
182212,https://cdplumbing.net,No Limit Drain Cleaning Sm Repair,717 S Nichols Ave,Muncie,No,https://www.cdplumbing.net/
182213,https://oremexsilver.com,Monarca Minerals Inc,18 King St E Suite 902,Toronto,No,https://www.oremexsilver.com/
182214,https://eastsidepediatricsny.com,Somerset Community Services Inc,5574 Tulls Corner Rd,Marion Station,No,https://www.eastsidepediatricsny.com/
182215,https://healthy.kaiserpermanente.org,Ralph Sett Md,6600 Bruceville Rd,Sacramento,No,https://healthy.kaiserpermanente.org/front-door
182216,https://grandviewmanor.org,Fundy Villa,108 Commercial St,Berwick,No,
182217,https://sportsmansinn.ca,2167302 Ontario Limited,37 Channel St,Killarney,No,
182218,https://esso.ca,Century 21 Royaltors Realty Inc. Brokerage,18-170 Wilkinson Rd,Brampton,No,https://www.esso.ca/en-ca
182219,https://markhashimmd.com,Interventional Pain Institute Of West Florida,7412 Community Ct,Hudson,No,https://www.theherbalclinicmd.com/
182220,https://answers.com,Ec Reems Womens International Ministries,8400 Macarthur Blvd,Oakland,No,https://www.answers.com/
182221,https://mskcc.org,Gottfried Von Keudell,1275 York Ave,New York,No,https://www.mskcc.org/
182222,https://fentonpouredwalls.com,Rub-R-Wall Of Michigan,15154 North Rd,Fenton,No,
182223,https://valetconnections.com,Detroit Airport Parking Inc,27299 Wick Rd,Taylor,No,https://www.valetconnections.com/
182224,https://moncamp.com,Ranch Du Massawippi Inc  Le,1695 8E Rang E,Canton-De-Granby,No,https://www.moncamp.com/
182225,https://corpassets.com,Turning Point Cnc Inc,600 York St,Oakville,No,
182226,https://linchousing.org,El Centro Senior Villas,515 Park Ave,El Centro,No,https://www.linchousing.org/
182227,https://boone.org,Rebecca Llorens Md,200 E Southampton Dr Ste 104,Columbia,No,https://boone.health/
182228,https://ahmjc.org,Hockey Mineur De Joliette,265 Rue Lajoie S,Joliette,No,
182229,https://finehomesonline.com,Abalaris,400 N Ashley Dr Ste 2600,Tampa,Yes,
182230,https://trinitymedicalwny.org,Ronald B Boersma Md,825 Wehrle Dr,Buffalo,No,
182231,https://nemanichconsulting.com,Marin Airporter,8 Lovell Ave,San Rafael,No,
182232,https://corecreative.ca,Salt & Light Tattoo,1989 W Elliot Rd Ste 9,Chandler,No,
182233,https://business.site,Omega Cafe,1C-5011 11 St Se,Calgary,No,https://www.google.com/intl/en_us/business/
182234,https://justice.gov,Atelier Yves Labonne,9690 Rue Notre-Dame O,Trois-Rivieres,No,https://www.justice.gov/
182235,https://phillips66.com,A & A Food & Gas Corp,250 E Dry Creek Rd,Littleton,No,
182236,https://unigymgatineau.com,Club De Gymnastique Omnigym,183 Ch Freeman,Gatineau,No,https://www.unigymgatineau.com/qc/
182237,https://liftincorporated.com,Cac Hauling,2408 Gardenia Rd,Winston Salem,No,https://www.liftincorporated.com/
182238,https://hostdry.com,Racine Screen Printing,1405 16Th St Ste 2040,Racine,No,
182239,https://ranspell.com,Custom Craft Cabinets & Millwork Ltd,7450 Lowland Dr Suite 103,Burnaby,No,
182240,https://woloseks.com,Party Animals,2350 N Volusia Ave,Orange City,No,
182241,https://seemybloomers.com,Albert M Harary Md,110 E 55Th St Fl 3,New York,No,
182242,https://qualitypictureframing.com,Once Upon A Child,62 Mountain Rd,Glen Burnie,No,
182243,https://kittingerfurniture.com,Movnat Denver,8840 W Colfax Ave,Denver,No,https://www.kittingerfurniture.com/
182244,https://national-law.com,Jill S Spencer Md,5330 N Oak Trfy Ste 201,Kansas City,No,
182245,https://bosandco.com,602667 Ontario Ltd,4551 Palladium Way,Burlington,No,https://us.bosandco.com/
182246,https://sofabyfancy.com,Diamond Concrete Cutting,80 Corporate Park Dr,Henderson,No,
182247,https://deblecx.com,3477711 Canada Inc.,2141 Rue Nobel Bureau 201,Sainte-Julie,No,https://www.deblecx.com/
182248,https://dragonflieswilmington.com,Harrison Steck Pc,515 Houston St Ste 701,Fort Worth,No,
182249,https://valdroofing.com,Precision Hearing Clinic,5074 48 Ave,Delta,No,https://www.valdroofing.com/
182250,https://arcadialutheran.com,English & Prinkey,309 W Oak St,Union City,No,
182251,https://aarm-dental.com,Fong  Dr Charmaine Dds,1270 Hornby St,Vancouver,No,https://www.aarm-dental.com/
182252,https://accessmedicine.mhmedical.com,Abdelghani Group Inc,211 Sackville Dr,Lower Sackville,No,
182253,https://lfs-inc.com,Freight Shipping Solutions Llc,4080 E Lake Mead Blvd Ste C120,Las Vegas,No,
182254,https://ctductcleaning.com,Tranquil Therapeutic,650 Scottsdale Dr Suite 2C,Guelph,No,https://www.ctductcleaning.com/
182255,https://library.citytech.cuny.edu,New York City College Of Technology - Ursula C Schwerin Library,300 Jay St,Brooklyn,No,
182256,https://inforobo.com,Carriage House Service Group,5 Victoria Pines Ln,Lafayette,No,
182257,https://zurichproperties.com,Normont Ndt Inc,306 Mineral Ave,Libby,No,
182258,https://dovernaturopath.com,Maltais  Stephen Nd Msc,88 Dover Mills Rd Rr 1,Port Dover,No,https://www.dovernaturopath.com/
182259,https://seibels.com,B & W Landscaping Inc,394 Sleepy Hollow Dr,Shirley,No,https://www.seibels.com/
182260,https://yaegakiusa.com,Sub-Zero Heating Technologies Corp,32 Violet Pl,Red Deer,No,
182261,https://libertytax.com,Peggy'S Of Milton Ltd,184 Main St E,Milton,No,https://www.libertytax.com/
182262,https://fmcclinics.com,Family Medicine Center Of Canyon,911 23Rd St,Canyon,No,https://www.fmchealth.care/
182263,https://hisbakery.com,Wilmette Auto Service Inc,20400 Copeland Ave,Port Charlotte,No,
182264,https://dentistrycoralsprings.com,Kulick Walter Walter K Kulick Dmd,8890 Royal Palm Blvd,Coral Springs,No,https://www.dentistrycoralsprings.com/
182265,https://familiprix.com,2620-2994 Quebec Inc,1 Rue Du Plateau Gd,Armagh,No,https://www.familiprix.com/
182266,https://nqnh.ca,North Queens Nursing Home Inc,9565 Highway 8,Caledonia,Yes,https://www.nqnh.ca/
182267,https://brandtboxnj.com,La Taqueria Pinche Taco Shop,2521 Main St,Vancouver,No,
182268,https://belairlexus.com,Laketown Grill,4041 Williams Blvd Ste A3,Kenner,No,https://www.belairlexus.com/
182269,https://opusdesign.ca,Mk Illumination Canada Est Inc.,484 Rue Jean-Neveu,Longueuil,No,
182270,https://wovenwire.com,Sedona Hills Apartments,4615 Summerhill Rd,Texarkana,No,
182271,https://1800onhold.com.au,Earle Enterprises,60 E Main St Ste A,Marlton,No,
182272,https://bouchonsantabarbara.com,Sheer Indulgence,591 W 2600 S,Bountiful,No,https://www.bouchonsantabarbara.com/
182273,https://nanaimoortho.ca,Birchard  Dr John Md,1125 Dufferin Cres Suite 102,Nanaimo,No,
182274,https://litigation-group.com,Allvivo Vascular Inc,20914 Bake Pkwy Ste 100,Lake Forest,No,https://www.litigation-group.com/
182275,https://beerntsens.com,Spur Ventures Inc,595 Burrard Street,Vancouver,No,
182276,https://optumbank.com,Sunshine Smiles Pediatric,8061 Spyglass Hill Rd Ste 101,Melbourne,No,https://www.optumbank.com/
182277,https://mydalycitydentist.com,Loadstar Dispatchers (1963) Ltd,7331 34 St Nw,Edmonton,No,
182278,https://kingswaywholesale.com,720569 Ontario Limited,899 Kipling Ave,Etobicoke,No,
182279,https://moissanitequebec.com,Freson Bros Drumheller #1,101 6 Ave Se,Drumheller,No,
182280,https://mwstlcpa.com,Martz & Wilson Llp,712 Hanley Industrial Ct,Saint Louis,No,
182281,https://shopnorthvancouver.com,In The Mood Love Shop Company,123 Carrie Cates Crt Suite 209,North Vancouver,No,
182282,https://freedeliverypharmacy.com,Whispering Pines Cottage,85 Pine Cres,Fort Smith,No,
182283,https://healthplusdental.ca,Ayi  Dr Nii A,290 Midpark Way Se Suite 205,Calgary,No,https://www.healthplusdental.ca/
182284,https://proactive-ministries.org,Florida State University Schools,3000 Schoolhouse Rd,Tallahassee,No,
182285,https://ohp.com,Yogen Fruz,16-20 Vogell Rd,Richmond Hill,No,https://www.ohp.com/
182286,https://hospiceofthepiedmont.org,Centre Dentaire Pierre Bouchard Inc,2170 Rte Des Rivieres Bureau 150,Levis,No,
182287,https://boiinc.com,Business Office Interiors,1002 Dakota Cir,Naperville,No,
182288,https://losreyes-salvadorianfood.com,The Lash Extension,290 Crow Rd,Chesnee,No,
182289,https://pinetrailcleaners.com,Straight & Level Construction,5905 Haydens Cv,Austin,No,https://www.pinetrailcleaners.com/
182290,https://alhambrapodiatricmedicalcenter.com,Kawoo Medical Clinic,841 W Valley Blvd Ste 107,Alhambra,No,https://www.alhambrapodiatricmedicalcenter.com/
182291,https://howeandyockey.com,Label Aid Inc,608 Rye Beach Rd,Huron,No,
182292,https://amtb-la.org,Amida Society,5918 Cloverly Ave,Temple City,No,
182293,https://mincovlaw.com,Florence Street Department,201 Railroad Ave,Florence,No,
182294,https://ukat.co.uk,Wellington Lodge,94 Wellington St S,Hamilton,No,https://www.ukat.co.uk/
182295,https://moneyconcepts.com,Drenens Tax Service,89 S Maple St,Westfield,No,
182296,https://cerfdx.com,Castellano Angela Md Faap,4955 Van Nuys Blvd Ste 200,Sherman Oaks,No,
182297,https://flyarkansas.com,Crowdmerchants Ltd.,Suite 3906 180 University Ave,Toronto,No,
182298,https://havasutattoo.com,World Childhood Foundation,900 3Rd Ave Fl 29,New York,No,
182299,https://wyndhamhotels.com,Michelle Pecora Cpa,537 High St Se,Salem,No,https://www.wyndhamhotels.com/
182300,https://pensketruckrental.com,T.J'S Oilfield Contracting Ltd,235 Mackay Cres Unit 2,Fort Mcmurray,No,https://www.pensketruckrental.com/
182301,https://yorkvillegiftbaskets.com,8851301 Canada Limited,130 Sparks Ave,North York,No,https://yorkvilles.ca/
182302,https://datapine.com,Call Center Dashboards Llc,9333 Forsyth Park Dr,Charlotte,No,https://www.rib-software.com/en/rib-bi
182303,https://jennibick.com,Dc Journals,477 S Orleans St,Memphis,No,https://www.jennibick.com/
182304,https://stormguard.ca,Wheel Wash Intl Inc,1080 Page St,Richmond,No,
182305,https://way2insure.com,New Star Energy Ltd,600 3 Ave Sw Suite 600,Calgary,No,https://insuringflorida.com/
182306,https://lamondwarnickphotography.com,Genies En Herbe Pantologie,4545 Av Pierre-De Coubertin,Montreal,No,https://www.lamondwarnickphotography.com/
182307,https://mainstreeteyeclinicandoptical.ca,Agate  Dr. James C Optometry Professional Corporation,87 Main St E,Grimsby,No,
182308,https://dependableanodizing.com,Adult & Teen Challenge New England And New Jersey Inc,1311 Main St,Brockton,No,
182309,https://business.site,Trc,851 Springbank Ave N,Woodstock,No,https://www.google.com/intl/en_us/business/
182310,https://hkcdialysis.com,Heartland Kidney Center,2828 S Grand Ave,Carthage,Yes,https://www.hkcdialysis.com/
182311,https://cpp.com,The Myers-Briggs Company,185 N Wolfe Rd,Sunnyvale,No,https://www.themyersbriggs.com/
182312,https://jpccustomhomes.com,Dave Miller Painting,201 N Hopper Rd,Modesto,No,
182313,https://mrelectric.com,Cpr Plumbing Ltd.,225 Copperfield Common Se,Calgary,No,
182314,https://cmplumbing.com,Cmp Enterprises Ltd,20465 Douglas Cres Suite 340,Langley,No,
182315,https://nywholesale.net,Alpha Off Road Llc,4169 Electric Way,Punta Gorda,No,
182316,https://acvisioncare.com,Don E Stoken,3375 Carlisle Rd Ste C,Gardners,No,https://www.acvisioncare.com/
182317,https://energygases.com,Excel Personnel Services,212 E Walnut Ave,Lompoc,No,https://www.energygases.com/
182318,https://jacorar.com,Babiesrus,1 Bass Pro Mills Dr Suite C2,Concord,No,
182319,https://ohiohealth.com,L & S Electric Co Inc,750 131St Pl,Hammond,No,https://www.ohiohealth.com/
182320,https://athealth.com,John Thoburn,1611 116Th Ave Ne Ste 222,Bellevue,No,
182321,https://upcat.com,Adventure Centre,892 County Road 480,Marquette,Yes,https://www.up-cat.com/
182322,https://canadainf.com,Town Of Oakham,2 Coldbrook Rd Unit 1,Oakham,No,
182323,https://allenrenovations.ca,Lq Mobile Experts Inc,11455 S Orange Blossom Trl Ste 11,Orlando,No,https://www.allenrenovations.ca/
182324,https://nowackihomes.ca,Ucw Labs Ltd,997 Seymour St Unit 250,Vancouver,No,https://www.nowackihomes.ca/
182325,https://taberdowntownphysio.ca,Ameriprise Financial,23 E Brundage St,Sheridan,No,https://www.taberdowntownphysio.ca/
182326,https://pauleycurry.com,David K Schwirian,100 Kanawha Blvd W Ste 201,Charleston,No,
182327,https://ausrad.com,Simon Garza Jr Dds,2501 W William Cannon Dr,Austin,No,https://www.ausrad.com/
182328,https://healthycrunch.com,Whole Living Kitchen Inc  The,160 Matheson Boulevard E,Mississauga,No,
182329,https://exxonmobil.com,Old Hill Country Store,2361 Bulverde Rd,Bulverde,No,https://corporate.exxonmobil.com
182330,https://coldstonecreamery.com,Petro-Pass Relais Routiers,3125 Boul Industriel,Matagami,No,https://www.coldstonecreamery.com/
182331,https://myglendoradentist.com,Stephen W Bowen Dmd,175 N Pennsylvania Ave Ste 2,Glendora,No,
182332,https://gab.ae,9264-4590 Quebec Inc,4815A Boul Saint-Laurent,Montreal,No,
182333,https://jacksondentalclinic.com,Kenneth A Bailey Jr Dds,345 N Mart Plz,Jackson,No,https://www.jacksondentalclinic.com/
182334,https://dsflogistics.com,Tummies Toddlers And Teens The Red Door,59 Hamilton St,Goderich,No,https://www.dsflogistics.com/
182335,https://altoncombustion.com,Swan Dancewear,234 Haverford Ave,Narberth,No,
182336,https://albertaharvestcentre.com,Rock Creek Line Construction Inc,12530 Knife Box Rd,Greensboro,No,https://www.albertaharvestcentre.com/
182337,https://universaspirateur.com,6986072 Canada Inc,570 Rue Saint-Joseph,Sainte-Julie,No,
182338,https://cataractbowl.com,Biamonte Bros. Company Limited,7906 Lundy'S Lane,Niagara Falls,No,https://www.cataractbowl.com/
182339,https://rackultra.com,6022090 Canada Inc.,3238 Sud Laval (A-440) O,Laval,No,https://www.rackultra.com/fr/
182340,https://ogilvy.ca,Lincoln Capital Advisors,1158 Canton St,Roswell,No,
182341,https://niagarasfinest.com,Shaw Club Hotel Corp,92 Picton St,Niagara On The Lake,No,https://www.niagarasfinest.com/
182342,https://pizzadelight.com,Romm Holdings Ltd,14 Commerce St,Deer Lake,No,https://www.pizzadelight.com/
182343,https://remax-sjnb.com,Bouldin'S Heating & Air Conditioning,2185 Boones Neck Rd Sw,Supply,No,
182344,https://northwestern.edu,Searle Center For Teaching,627 Dartmouth St,Evanston,No,https://www.northwestern.edu/
182345,https://russbodyshop.ca,Black Tie Cleaners Ltd,7600 Weston Rd Suite 39,Woodbridge,No,https://www.russbodyshop.ca/
182346,https://4mybraces.com,Stoutland And Hayes Orthodontics,3920 Pyle Rd,Chadds Ford,No,http://www.4mybraces.com/
182347,https://kraussderm.com,Ellen Lacomis Md,1 Washington St Ste 401,Wellesley Hills,No,https://www.kraussdermatology.com
182348,https://dhlmortgage.com,Home Loans Of The Carolinas Llc,8903 E Oak Island Dr Ste 2,Oak Island,No,https://www.dhlmortgage.com/
182349,https://bronteoptometry.ca,Love  Dr K,110 Nelson St,Oakville,No,
182350,https://hollylanedds.com,El Camino Auto Transmissions,459 Auzerais Ave,San Jose,No,https://www.hollylanedds.com/
182351,https://lmfcommercial.com,Aerospace Pneudraulics,28715 Sw 132Nd Ave Ste 132,Homestead,No,
182352,https://greenbuzzagency.com,China King,2909 Austell Rd Sw,Marietta,No,
182353,https://eyedoctornycnow.com,Edwin M Schottenstein,140 W 71St St,New York,No,
182354,https://auprescolaire.com,9247-4188 Quebec Inc,66 Rue Brunelle,Beloeil,No,
182355,https://changemyland.com,Ruyak Enterprises Inc,6909 State 6 Ne,Remer,No,
182356,https://spadeparis.com,Haute Dog Haircuts,2125 Housley Dr,Dallas,No,https://www.spadeparis.com/
182357,https://jankoinc.com,Rural Retreat Community Center,112 Catron St,Rural Retreat,No,
182358,https://gsl-plt.com,Gulf South Lithotripsy,3510 N Causeway Blvd Ste 605,Metairie,Yes,
182359,https://central-cinema.com,Lisa A Lee Md,3516 12Th Ave Ne,Olympia,No,
182360,https://torreslawncaretx.com,Fuji Semec Corp,20 Gateway Dr,Plattsburgh,No,
182361,https://collingwoodnailsalon.ca,Job Conference Recording Service,4610 S Dakota Ave Ne,Washington,No,https://www.collingwoodnailsalon.ca/
182362,https://bccabenefits.ca,British Columbia Construction Associaton-North,3851 18Th Ave,Prince George,No,
182363,https://bdch.com,Jason H Smith Md,707 S University Ave,Beaver Dam,No,
182364,https://signkore.com,Homestead Road,4820 Minnetonka Blvd Ste 303,Minneapolis,No,https://www.signkore.com/
182365,https://pbrva.com,Pizza Beer Of Richmond,2553 W Cary St,Richmond,No,
182366,https://goreliable.ca,L.V. Rose Int. Tr. Ltd,31 Villarboit Cres,Concord,No,
182367,https://pnamidsouth.org,Professional Network On Aging,6539 Knight Arnold Road Ext Apt 46,Memphis,No,
182368,https://casem-acmse.org,Canadian Academy Of Sport & Exercise Medicine,180 Elgin St Suite 1400,Ottawa,No,https://www.casem-acmse.org/
182369,https://khs.sheldonisd.com,C E King High School,11433 E Sam Houston Pkwy N,Houston,No,
182370,https://doctors.cpso.on.ca,Dharmalingam  Dr Sudharshan,164 Queen St E Suite 307,Brampton,No,
182371,https://advancedorthopc.com,Orthopedic Therapy Service,285 Sills Rd Bldg 5-6B,Patchogue,No,https://nyulangone.org/locations/nyu-langone-advanced-orthopedic-associates-long-island
182372,https://petro-canada.ca,Alimentation St-Henri Inc,385 Rue Principale,Taillon,No,https://www.petro-canada.ca/en/personal
182373,https://ouramediallc.com,Heidi E Royal Attorney,101 N Tryon St,Charlotte,No,https://www.ouramediallc.com/
182374,https://lechatel.net,9103-0049 Quebec Inc,1625 Boul De Maisonneuve O Bureau 101,Montreal,No,
182375,https://oxfordfishandgame.ca,Clinique Podiatrique Marc Andre Nadeau,131 Rue Bernard,Saint-Charles-Borromee,No,
182376,https://nj.ibtfingerprint.com,Sagem Morpho Inc,1230 Parkway Ave Ste 102,Trenton,No,https://www.identogo.com/locations/new-jersey
182377,https://groupelcm.com,Lcm Informatique Inc.,300-495 Boulevard Saint-Martin Ouest,Laval,No,https://www.groupelcm.com/
182378,https://members.calbar.ca.gov,Steven J Cottrell,125 N Pleasant Ave,Lodi,No,https://members.calbar.ca.gov/login.aspx?ReturnUrl=%2F
182379,https://wvllp.ca,Wilson Vukelich Llp,60 Columbia Way Suite 710,Markham,No,
182380,https://kalamazoogutters.com,Midwest Gutter Systems Llc,6611 E T Ave,Vicksburg,No,
182381,https://jennifersonline.ca,Pedlar'S Enterprise Ltd,50 Broadway Suite 48,Corner Brook,No,
182382,https://par-mechanical.com,Par Power Llc,113 Rose Ln Ste A,Montrose,No,
182383,https://servicecentury.com,Only Backpackers Inn  The,966 Danforth Ave,Toronto,No,
182384,https://wvumedicine.org,St Joseph'S Hospital,1 Amalia Dr,Buckhannon,No,
182385,https://garagefive.net,Shelley Rassenfoss Photography,3581 Mount Eden Rd,Shelbyville,No,
182386,https://buenaservices.com,Prudenterra,65584 260Th St,Nevada,No,
182387,https://of-law.com,Kramer Martin Atty,3305 Roblin Blvd,Winnipeg,No,https://www.od-law.ca/
182388,https://blrcommercial.com,Blr Management,1900 E Jefferson Ave,Detroit,No,
182389,https://artimage.ca,Excavation L. R. O Inc,1130 Rue De Courcelle,Laval,No,
182390,https://rockthevote.org,National Ballot Inc,8665 Baypine Rd Ste 100,Jacksonville,No,
182391,https://pinewoodforge.com,Del Stubbs & Mary,17738 Nelson Dam Rd Nw,Leonard,No,
182392,https://psje.ca,L'Eveque Catholique Romain De Bathurst,340 Church Lane,Dalhousie,No,
182393,https://bwbpc.com,Boge Wybenga & Bradley Pc,215 N Main St,Mount Pleasant,No,https://www.bwbpc.com/
182394,https://swlandscapearchitect.com,Aloha Signs & Graphics Inc,98-101 Hila Pl,Pearl City,No,https://www.swla.ca/
182395,https://dieselnet.com,Sunny Metal (North America) Inc,9205 Shaughnessy St,Vancouver,No,
182396,https://liftinglittlelives.org,Faith Organization,2542 Salina Dr,Kinston,No,
182397,https://cascapediastjules.com,Barter  Paul & Sons Inc,247 299 Rte,Cascapedia-Saint-Jules,No,https://www.cascapediastjules.com/
182398,https://fingerprintingchicago.com,Us Photo,140 S Dearborn St,Chicago,No,
182399,https://iailop.com,Office Solutions,5117 Tremont Ave Ste A,Davenport,No,
182400,https://azvent.com,Jerald S Altman Md,9305 W Thomas Rd Ste 365,Phoenix,No,https://www.azvent.com/
182401,https://vitacls.org,Mens Sana,7 Alamosa Dr,North York,No,
182402,https://upci.org,Calvary Tabernacle United Pentecostal Church,2724 S Ridge Ave,Concord,No,
182403,https://vignoblenordet.com,9076-8250 Quebec Inc,991 Ch Des  Les,Levis,No,https://www.lenordetvignoble.com/
182404,https://phillips66.com,Quick-E-Z Inc,25057 Highway 51,Crystal Springs,No,
182405,https://wolfeswood.com,Eyma Salon & Spa,7829 Woodmont Ave,Bethesda,No,https://www.wolfeswood.com/
182406,https://hanamiusa.com,Joseph M Yankey,5950 University Ave Ste 205,West Des Moines,No,
182407,https://toysrus.ca,We-Fix-U Physiotherapy & Foot Health Centre,121 Toronto Rd,Port Hope,No,https://www.toysrus.ca/en/home
182408,https://aimco.com,Platinum Realty Team,340 E Maple Ave Ste 307,Langhorne,No,https://www.aimco.com/
182409,https://cabro1.com,Produits S & G Inc  Les,340 Montee Masson,Sainte-Sophie,No,https://www.cabrologistics.com/
182410,https://edeinst.com,David T Doi Dds Inc,64-5191 Kinohou St,Kamuela,No,
182411,https://reorg.com,Gl Brands,3939 Belt Line Rd Ste 350,Addison,No,
182412,https://amtwoundcare.com,American Medical Technologies,17595 Cartwright Rd,Irvine,No,https://www.restorixhealth.com/post-acute-services/
182413,https://taxwealthplan.com,Carey & Hanna,1000 Town Center Dr Ste 200,Oxnard,No,https://www.taxwealthplan.com/
182414,https://meritmusic.org,Diamond Auto Exchange,1741 N Mount Vernon Ave,Colton,No,
182415,https://fiftynorthevents.com,1229023 Alberta Ltd,4928 50 St,Stony Plain,No,https://www.fiftynorthevents.com/
182416,https://glasgowdentalgroup.ca,Degen  Dr Shayne Dds,65 Glasgow St,Kitchener,No,https://www.glasgowdentalgroup.ca/
182417,https://centerlinepaving.ca,Barry'S Bay Senior Home,12 North St,Killaloe,No,https://www.centerlinepaving.ca
182418,https://colonytravel.biz,Remarkable Uniform Mat & Towel Ltd,8155 Aitken Rd Suite 10,Chilliwack,No,
182419,https://solidrockenterprises.com,Senior Remodeling Experts,1371 Southside Dr Ste D,Salem,No,
182420,https://duncancc.bc.ca,A Head Of The Tymes,245 Kenneth St,Duncan,No,https://www.duncancc.bc.ca/
182421,https://usaveusedauto.com,Menorah Campus Inc,2700 N Forest Rd Ste 103,Getzville,No,
182422,https://greenbankveterinaryservices.ca,Dr. Maritzabel Rivas,6710 101 Ave Nw,Edmonton,Yes,https://www.greenbankveterinaryservices.ca/
182423,https://pokebowlsc.com,Number One Poke Inc,2704 E Southlake Blvd Ste 102,Southlake,No,https://www.pokebowlsc.com/
182424,https://alexmcintoshphotography.com,Box Envy,1327 9 Ave Se,Calgary,No,https://www.alexmcintoshphotography.com/
182425,https://imperialhealth.com,Home Smith Inc,2599 Yonge St,Toronto,No,
182426,https://lesters.com,Mass Used Auto Parts,58 Sam West Rd,Southwick,No,https://shopdennys.com/
182427,https://beefalomeats.com,Storage Center Llc,580 S Glenburnie Rd,New Bern,No,
182428,https://sbarro.com,Lyndee Cleaning Inc,8509 Ten Ten Rd,Raleigh,No,
182429,https://gatlinplumbing.com,505895 N.B Ltd,10 Grannan St,Saint John,No,
182430,https://flgcorp.com,Fine Line Graphics,90 Douglas Pike Unit 3,Smithfield,No,
182431,https://mranev.com,Martin Ross & Associates,350 S Rock Blvd Ste 200,Reno,No,
182432,https://rtbockmanphotography.com,Callingwood Orthodontics,6647 177 St Nw Callingwood Square Shopping Cntr,Edmonton,No,
182433,https://kotobon.com,Book Outlet Inc,340 Welland Ave,St Catharines,No,
182434,https://f-ss.com.au,Ambrose Construction,118 S Lucile St,Seattle,No,https://www.f-ss.com.au/
182435,https://lessonsandtuning.com,Traveling Teachers Inc,14916 Lear Ln,Silver Spring,No,https://www.lessonsandtuning.com/
182436,https://humbervalleyimaging.com,Dms X-Ray & Ultrasound,7155 Woodbine Ave,Markham,No,
182437,https://langsull.com,Guy Bertrand Avocats,250 Grande Allee O Unit 801,Quebec,No,
182438,https://mealsonwheelsamerica.org,"Studio, The",3293 Dundas St W,Toronto,No,https://www.mealsonwheelsamerica.org/
182439,https://reno-go.ca,Hellgate Tool Repair,2006 North Ave W,Missoula,No,
182440,https://canmanintl.com,Howard Orthopedics,3065 Richmond Pkwy Ste 112,San Pablo,No,
182441,https://shopalliston.com,Swabreck  Dr. Brian Medicine Professional Corporation,180 Parsons Rd Unit 40,Alliston,No,
182442,https://yvesalavo.com,Bristol Steel & Conveyor Corporation,4416 N State Rd,Davison,No,http://yvesalavo.com/blog/
182443,https://songbirdsmontessorischool.com,Happy Times For Kids Preschool,1500 Heritage Way Suite 8,Oakville,No,https://www.songbirdsmontessorischool.com/
182444,https://jcmdrafting.com,J.C.M. & Associates Limited,1 Wolfe St,Frankford,No,
182445,https://angeldogstraining.com,Endocrinology Off Central Pennsylvania,2490 Bladestone Trl,Enola,No,https://www.angeldogstraining.com/
182446,https://drrandhawa.ca,Vision Source Vancouver Optometrists,7633 Nanaimo St,Vancouver,No,
182447,https://justbreathewellness.ca,Process Technology,38809 Mentor Ave,Willoughby,No,https://www.justbreathewellness.ca/
182448,https://memorialmedicalgroup.org,Christopher Hall Md,3575 Portage Rd,South Bend,No,
182449,https://bubbasseafoodhouse.com,Seventh Day Adventist Church,308 1 Ave Se,Airdrie,No,
182450,https://murphystrucks.ie,Indian Canyons Golf Resort,1097 E Murray Canyon Dr,Palm Springs,No,https://www.murphystrucks.ie/
182451,https://broadwayhealth.ca,Todorovich  Dr Mila,5 Broadway Ave Suite 107,Toronto,No,
182452,https://contactout.com,Les Studios Potterton Inc.,1250 Boul Rene-Levesque O Bureau 2500,Montreal,No,
182453,https://taipantours.com,Oggo Collection,8700 Mckim Way Suite 3123,Richmond,No,
182454,https://chilis.com,Arts Center Of Northern Nj,250 Center St,New Milford,No,https://www.chilis.com/
182455,https://garymillermd.com,Shalini M Sitzmann Do,2021 K St Nw Ste 512,Washington,No,https://www.garymillermd.com/
182456,https://ntoabraces.com,Donald J Copenhaver Dds,400 N Allen Dr Ste 305,Allen,No,https://www.ntoabraces.com/
182457,https://1800gotjunk.com,Rbds Rubbish Boys Disposal Service Inc,887 Great Northern Way Suite 301,Vancouver,Yes,https://www.1800gotjunk.com/us_en
182458,https://smdk.ca,Services De Main-D'Oeuvre Kingsey Inc,25 Rue Lemaire Bureau 200,Kingsey Falls,No,https://www.epinette.eco
182459,https://fccmanhattan.org,First Christian Church,3001 Grand Mere Pkwy,Manhattan,Yes,https://www.fccmanhattan.org/
182460,https://cpsns.ns.ca,College Of Physicians And Surgeons Of Nova Scotia,175 Western Pky Suite 400,Bedford,No,
182461,https://jointpreservationinstitute.com,Timothy E Albertson Md Mph Phd Pulmonary,2825 J St Ste 400,Sacramento,No,https://www.jointpreservationinstitute.com/
182462,https://alvisconstructiongroup.com,Alvis Heating & Cooling Inc,817 Honore Ave,Sarasota,No,
182463,https://fadskin.com,Fayette Area Dermatology,450 Lanier Ave W,Fayetteville,Yes,https://www.fadskin.com
182464,https://lancaster.k12.pa.us,Nashville Medical Electronics Inc,821 Fesslers Pkwy,Nashville,No,
182465,https://michelinsportsandsocialclub.ca,Keepsake Portrait Studio,105 S Main St,Maquoketa,No,https://www.michelinsportsandsocialclub.ca/
182466,https://stmaryeotctoronto.com,Stand Up Muay Thai Kickboxing & Mma,115 Schoolhouse St,Coquitlam,No,
182467,https://lani.com,Ebensburg United Methodist Church,100 E Highland Ave,Ebensburg,No,
182468,https://cleanmyspacect.com,Bouligny Tavern,3641 Magazine St,New Orleans,No,
182469,https://richmonddentalcentre.com,Courier  Q Robert,105 Wharncliffe Rd S,London,No,
182470,https://spilmanlaw.com,Williamson Derrick Price,1100 Bent Creek Blvd Ste 101,Mechanicsburg,No,https://www.spilmanlaw.com/
182471,https://miklosair.com,Seligman Tarquini & Associates Llc,1800 Chapel Ave W Ste 340,Cherry Hill,No,
182472,https://tclclibs.org,Tri-State College Library Co-Op,1400 Montgomery Ave,Bryn Mawr,No,
182473,https://hotelcovington.com,Coppin'S Restaurant & Bar,638 Madison Ave,Covington,No,
182474,https://pwho.com,Praderwilli Homes Of Michigan Llc,207 E Bellevue St,Leslie,No,https://www.pwho.com/
182475,https://pawsclawsspa.com,My Ottawa Movers,274 Serena Way,Ottawa,No,
182476,https://lonestarsafety.com,Redi Record Payroll Systems Inc,1225 36Th St,Brooklyn,No,https://www.ritzsafety.com/?page=customer&file=customer/risall/customerpages/Lone_Star.htm
182477,https://quadcityeng.com,Landon Dale Roberts,413 Doucette St,Pampa,No,
182478,https://machinerylubrication.com,Less Friction Cleaning,850 Dogwood Rd,Lawrenceville,No,https://www.machinerylubrication.com/
182479,https://childcarenutrition.com,Df Natural Stone Inc,1450 N Daly St,Anaheim,No,https://www.childcarenutrition.com/
182480,https://pacificproduceonline.com,Clearcomm Information Design Inc.,Suite 512 92 Caplan Ave,Barrie,No,https://www.pacificproduce.com/
182481,https://nuclearlawyer.com,Egan Fitzpatrick & Malsch,7500 Rialto Blvd,Austin,No,
182482,https://mywireguy.com,Bonesse Apizza,34 Middletown Ave,North Haven,No,
182483,https://adclub.com,Joel Chariton,999 N Main St,Randolph,No,
182484,https://qcorp.ca,Qikiqtaaluk Logistics Inc,Building 2007,Iqaluit,No,https://www.qcorp.ca/
182485,https://gmlaw.ca,Zabadani Masonry Ltd,15619 98 St Nw,Edmonton,No,
182486,https://billparnaby.com,Seiu Healthcare Nw Training Partnership,215 Columbia St,Seattle,No,
182487,https://lvhn.org,Jeffrey A Mcauliffe Dds,5649 Wynnewood Dr Ste 203,Laurys Station,No,https://www.lvhn.org/
182488,https://triphosthera.com,Salem Mennonite Church,23984 County Road 46,New Paris,No,
182489,https://marathon.com,Able Construction Inc,30 Oakwood Ave Ste 3,Norwalk,No,https://www.marathon.com/
182490,https://newhorizonscs.org,Creme&Sugar,5842 Catalpa Ave Ste 2,Ridgewood,No,https://www.newhorizonscs.org/
182491,https://chasewellnessllc.com,Jj Multiservices Express,2228 W Columbia Ave,Kissimmee,No,https://www.chasewellnessllc.com/
182492,https://twistedoak.com,Bischoff  Dr Markus,470 Bronte St S Suite 201,Milton,No,https://www.twistedoak.com/
182493,https://dogsledmailrun.ca,Kersley General Store Ltd,4888 Edwards Rd,Quesnel,No,https://sleddogmailrun.ca/
182494,https://hueshairsalon.com,Cambria Investment Management Lp,3300 Highland Ave,Manhattan Beach,No,https://www.hueshairsalon.com/
182495,https://benjaminmoore.com,Florham Park Hardware,186 Columbia Tpke,Florham Park,No,https://www.benjaminmoore.com/en-us
182496,https://morgancenter.org,Adapti Cooperatives,202-105 Boulevard De La Grande-Baie Nord,La Baie,No,
182497,https://hoovershotshots.com,Tempe Montessori School,410 S El Dorado,Mesa,No,https://www.hoovershotshots.com/
182498,https://lowcostdivorceny.com,Dina Degiorgio,551 Port Washington Blvd Ste 1,Port Washington,No,https://keildivorcelaw.com
182499,https://marcheami.ca,Richard  G & Fils Inc,14025 Boul B  Cancour,Becancour,No,
182500,https://jwexcavating.com,Desert States Contracting Inc,10295 N El Mirage Rd,El Mirage,No,
